query	1	obama family tree
query	2	french lick resort casino
query	3	organized
query	4	toilet
query	5	mitchell college
query	6	kcs
query	7	air travel
query	8	appraisals
query	9	car parts
query	10	cheap internet
query	11	gmat prep classes
query	12	djs
query	13	map
query	14	dinosaurs
query	15	espn sports
query	16	arizona game fish
query	17	poker tournaments
query	18	wedding budget calculator
query	19	current
query	20	defender
query	21	volvo
query	22	rick warren
query	23	yahoo
query	24	diversity
query	25	euclid
query	26	lower heart rate
query	27	starbucks
query	28	inuyasha
query	29	ps 2 games
query	30	diabetes education
query	31	atari
query	32	website design hosting
query	33	elliptical trainer
query	34	cell phones
query	35	hoboken
query	36	gps
query	37	pampered chef
query	38	dogs adoption
query	39	disneyland hotel
query	40	michworks
query	41	orange county convention center
query	42	music man
query	43	secret garden
query	44	map united states
query	45	solar panels
query	46	alexian brothers hospital
query	47	indexed annuity
query	48	wilson antenna
query	49	flame designs
query	50	dog heat
query	51	horse hooves
query	52	avp
query	53	discovery channel store
query	54	president united states
query	55	iron
query	56	uss yorktown charleston sc
query	57	ct jobs
query	58	penguins
query	59	build fence
query	60	bellevue
query	61	worm
query	62	texas border patrol
query	63	flushing
query	64	moths
query	65	korean language
query	66	income tax return online
query	67	vldl levels
query	68	pvc
query	69	sewing instructions
query	70	question
query	71	living india
query	72	sun
query	73	neil young
query	74	kiwi
query	75	tornadoes
query	76	raised gardens
query	77	bobcat
query	78	dieting
query	79	voyager
query	80	keyboard reviews
query	81	afghanistan
query	82	joints
query	83	memory
query	84	continental plates
query	85	milwaukee journal sentinel
query	86	bart sf
query	87	who invented music
query	88	forearm pain
query	89	ocd
query	90	mgb
query	91	er tv show
query	92	wall
query	93	raffles
query	94	titan
query	95	earn money home
query	96	rice
query	97	south africa
query	98	sat
query	99	satellite
query	100	rincon puerto rico
query	101	ritz carlton lake las vegas
query	102	fickle creek farm
query	103	madam cj walker
query	104	indiana child support
query	105	sonoma county medical services
query	106	universal animal cuts reviews
query	107	cass county missouri
query	108	ralph owen brewster
query	109	mayo clinic jacksonville fl
query	110	map brazil
query	111	lymphoma dogs
query	112	kenmore gas water heater
query	113	hp mini 2140
query	114	adobe indian houses
query	115	pacific northwest laboratory
query	116	california franchise tax board
query	117	dangers asbestos
query	118	poem pocket day
query	119	interview thank
query	120	tv computer
query	121	sit reach test
query	122	culpeper national cemetery
query	123	von willebrand disease
query	124	bowflex power
query	125	butter margarine
query	126	capitol map
query	127	dutchess county tourism
query	128	atypical squamous cells
query	129	iowa food stamp program
query	130	uranus
query	131	equal opportunity employer
query	132	mothers day songs
query	133	created equal
query	134	electronic skeet shoot
query	135	source nile
query	136	american military university
query	137	rock gem shows
query	138	jax chemical company
query	139	rocky mountain news
query	140	east ridge high school
query	141	va dmv registration
query	142	illinois state tax
query	143	arkadelphia health club
query	144	trombone sale
query	145	vines shade
query	146	sherwood regional library
query	147	tangible personal property tax
query	148	martha stewart imclone
query	149	uplift yellowstone national park
query	150	tn highway patrol
query	151	403b
query	152	angular cheilitis
query	153	pocono
query	154	figs
query	155	last supper painting
query	156	university phoenix
query	157	beatles rock band
query	158	septic system design
query	159	porterville
query	160	grilling
query	161	furniture small spaces
query	162	dnr
query	163	arkansas
query	164	hobby stores
query	165	blue throated hummingbird
query	166	computer programming
query	167	barbados
query	168	lipoma
query	169	battles civil war
query	170	scooters
query	171	ron howard
query	172	paralegal
query	173	hip fractures
query	174	rock art
query	175	signs heartattack
query	176	weather strip
query	177	term care insurance
query	178	pork tenderloin
query	179	black history
query	180	newyork hotels
query	181	old coins
query	182	quit smoking
query	183	kansas city mo
query	184	civil right movement
query	185	credit report
query	186	unc
query	187	vanuatu
query	188	internet phone service
query	189	gs pay rate
query	190	brooks brothers clearance
query	191	churchill
query	192	condos florida
query	193	dog clean bags
query	194	designer dog breeds
query	195	pressure washers
query	196	sore throat
query	197	idaho state flower
query	198	indiana state fairgrounds
query	199	fybromyalgia
query	200	ontario california airport
query	201	raspberry pi
query	202	uss carl vinson
query	203	reviews les miserables
query	204	rules golf
query	205	average charitable donation
query	206	wind power
query	207	bph treatment
query	208	doctor zhivago
query	209	land surveyor
query	210	golf gps
query	211	madagascar known
query	212	home theater systems
query	213	carpal tunnel syndrome
query	214	capital gains tax rate
query	215	maryland department natural resources
query	216	nicolas cage movies
query	217	kids earth day activities
query	218	solar water fountains
query	219	name elvis presley home
query	220	nba records
query	221	electoral college 2008 results
query	222	male menopause
query	223	usda food pyramid
query	224	chicken soup scratch
query	225	black gold
query	226	traverse city
query	227	will survive lyrics
query	228	hawaiian volcano observatories
query	229	beef stroganoff recipe
query	230	world biggest dog
query	231	deadly sins
query	232	hurricane irene flooding manville nj
query	233	hair dye
query	234	dark chocolate health benefits
query	235	ham radio
query	236	symptoms mad cow disease humans
query	237	lump throat
query	238	george bush sr bio
query	239	frank lloyd wright biography
query	240	presidential middle names
query	241	wiki
query	242	cannellini beans
query	243	afghanistan flag
query	244	old town scottsdale
query	245	roosevelt island
query	246	civil war battles south carolina
query	247	rain man
query	248	eggs shelf life
query	249	occupational therapist
query	250	ford edge problems
query	251	identifying spider bites
query	252	history orcas island
query	253	tooth abscess
query	254	barrett esophagus
query	255	teddy bears
query	256	patron saint mental illness
query	257	holes louis sachar
query	258	hip roof
query	259	carpenter bee
query	260	american revolutionary
query	261	folk remedies sore throat
query	262	balding cure
query	263	evidence evolution
query	264	tribe living alabama
query	265	f5 tornado
query	266	symptoms heart attack
query	267	feliz navidad lyrics
query	268	benefits running
query	269	marshall county schools
query	270	sun tzu
query	271	halloween activities middle school
query	272	dreams interpretation
query	273	wilson disease
query	274	golf instruction
query	275	uss cole
query	276	african american music influence history
query	277	bewitched cast
query	278	mister rogers
query	279	game theory
query	280	view internet history
query	281	ketogenic diet
query	282	nasa interplanetary missions
query	283	hayrides pa
query	284	find morel mushrooms
query	285	magnesium rich foods
query	286	common schizophrenia drugs
query	287	carotid cavernous fistula treatment
query	288	fidel castro
query	289	benefits yoga
query	290	norway spruce
query	291	sangre de cristo mountains
query	292	history electronic medical record
query	293	educational advantages social networking sites
query	294	flowering plants
query	295	tie windsor knot
query	296	recycling lead acid batteries
query	297	altitude sickness
query	298	medical care jehovah witnesses
query	299	pink slime ground beef
query	300	find mean
